{
    "accuracy": 0.6829268292682927,
    "precision": 0.6475409836065574,
    "recall": 0.3237704918032787,
    "f1_score": 0.43169398907103823
}